Ahmed Benchekroun,Morocco,1987-03-21,ahmedbenchekroun@gmail.com,nil
Thomas Shapiro,Canada,1991-10-10,tomshapiro@gmail.com,nil
Adriana Molano,Colombia,1986-07-18,adimolano@hotmail.com,nil
Dominic Tremblay,Switzerland,1985-02-28,domtrem@yahoo.com,nil
Pablo Baraga,Mexico,1977-08-02,pabbar@gmail.com,nil
Katherine Sparro,United States,1975-04-08,ksparr@gmail.com,nil
Eric Andersson,Sweden,1992-03-03,anderssoneric@gmail.com,nil
Dmitriy Kulyk,Ukraine,1984-12-14,dmitriykk@gmail.com,nil
Amanda Polson,United Kingdom,1990-12-21,amandapol@gmail.com,nil
Tracy Wilson,United States,1982-07-01,trawil@gmail.com,nil
Carlos Hernadez,Dominican Republic,1985-08-22,carhern@gmail.com,nil
Michael Raigner,Canada,1986-10-17,mikeyraign@gmail.com,nil
Alfonzo Hans,Germany,1972-01-02,thefonz@gmail.com,nil
Jeffery Timmins,Australia,1990-04-22,jefftim@gmail.com,nil
Wendy Jones,Canada,1988-10-13,thejones@gmail.com,nil
Crystal Seener,Venezuala,1980-02-05,crystals@gmail.com,nil
Jamal Smith,Jamaica,1990-07-04,jamaicanmecrazy@gmail.com,nil
Serkan Yorulmaz,Turkey,1982-09-24,serkanyor@gmail.com,nil
Milo Buano,Argentina,1985-06-30,milob@hotmail.com,nil
Jenn Err,United States,1969-11-17,jennerb@gmail.com,nil
